word,count
story,49495
world,31825
fun,23971
love,22112
film,20894
title,19727
fight,18845
films,18558
pretty,16800
screen,16738
moments,16185
everything,16144
Im,14360
yang,13776
performance,13739
She,13229
special,12491
power,11698
moment,11530
everyone,11159
visual,11153
rest,11149
true,10994
brings,10831
battle,10827
title,10103
stars,9891
entertaining,9448
woman,9358
women,9315
worth,9085
Cruise,8855
lost,8628
title,8411
female,8305
dan,8232
Privacy,8159
form,8054
care,8051
mission,7996
action,7956
relationship,7956
story,7714
lives,7643
ultimately,7529
story,7406
sets,7326
elements,7326
hope,7254
adventure,7227
characters,7147
features,7029
experience,6987
chance,6781
performances,6777
leads,6710
stories,6679
presence,6659
tone,6514
King,6388
viewers,6358
powerful,6274
sound,6173
entertainment,6155
music,6142
York,6114
stuff,5982
English,5955
interest,5953
movies,5936
tale,5857
epic,5807
world,5796
leaves,5763
character,5708
city,5688
chemistry,5655
pop,5646
cinema,5636
focus,5563
quality,5474
Jackson,5446
setting,5385
light,5353
fun,5330
characters,5325
train,5314
scenes,5239
Policy,5225
hold,5207
score,5038
screen,5035
action,5015
Home,4968
helps,4963
nature,4864
Washington,4825
alien,4816
Wonder,4744
fantasy,4645
stunt,4627
ride,4605
martial,4582
franchise,4569
beautiful,4563
shots,4532
fun,4520
Cinematic,4507
success,4472
culture,4438
journey,4433
issues,4339
male,4254
casting,4211
ancient,4178
ending,4177
leader,4132
premise,4124
involves,4110
violence,4105
highly,4071
holds,4065
Parker,4014
genuinely,3994
Diana,3985
games,3919
incredibly,3814
sequences,3795
occasionally,3791
satisfying,3765
dengan,3757
good,3726
onscreen,3719
minutes,3708
details,3693
delivering,3683
streets,3679
romance,3671
balance,3653
tension,3642
touch,3640
thrilling,3618
effect,3575
role,3548
saving,3534
scenes,3529
questions,3516
lacks,3510
extremely,3494
Woman,3489
spectacle,3480
island,3455
charm,3443
design,3422
planet,3412
reasons,3390
efforts,3356
Wakanda,3275
screen,3271
climax,3268
core,3268
note,3253
popcorn,3237
climactic,3210
warrior,3174
laughs,3131
finale,3126
forget,3116
moments,3093
themes,3081
connection,3071
Gotham,3062
Twitter,3043
charming,3029
spirit,3010
hoping,3001
destruction,2995
strength,2988
land,2982
visually,2982
twists,2952
dynamic,2944
Dom,2898
titular,2893
center,2876
visuals,2853
sheer,2852
twist,2852
Love,2844
experience,2822
science,2808
readers,2788
comedy,2786
stunning,2771
storyline,2769
greater,2750
unexpected,2748
plot,2736
Loki,2727
changes,2712
conflict,2712
backstory,2704
promise,2702
emotionally,2695
sequence,2689
quest,2675
period,2661
Raimi,2660
beats,2658
sequences,2647
scale,2640
effects,2640
charismatic,2627
